,Metric,covariate1,covariate2,participant,r,p
0,roughness,walking,walking,PPT_001,1.0,0.0
0,roughness,walking,sitting,PPT_001,0.871871343190536,1.0762356401923591e-05
0,roughness,walking,hand,PPT_001,0.7302875969651333,0.001316326259315669
0,roughness,sitting,walking,PPT_001,0.8718713431905362,1.0762356401923552e-05
0,roughness,sitting,sitting,PPT_001,1.0,0.0
0,roughness,sitting,hand,PPT_001,0.6887419083151545,0.003172448084215374
0,roughness,hand,walking,PPT_001,0.7302875969651335,0.0013163262593156643
0,roughness,hand,sitting,PPT_001,0.6887419083151545,0.003172448084215374
0,roughness,hand,hand,PPT_001,1.0,0.0
0,roughness,walking,walking,PPT_002,0.9999999999999998,7.135409263138563e-109
0,roughness,walking,sitting,PPT_002,0.8780490203121313,7.746292071316334e-06
0,roughness,walking,hand,PPT_002,0.7973372781065088,0.00021618373076948532
0,roughness,sitting,walking,PPT_002,0.8780490203121313,7.746292071316334e-06
0,roughness,sitting,sitting,PPT_002,1.0,0.0
0,roughness,sitting,hand,PPT_002,0.8137474506428085,0.0001254293150925399
0,roughness,hand,walking,PPT_002,0.7973372781065088,0.00021618373076948532
0,roughness,hand,sitting,PPT_002,0.8137474506428084,0.00012542931509254034
0,roughness,hand,hand,PPT_002,0.9999999999999998,7.135409263138563e-109
0,roughness,walking,walking,PPT_003,0.9999999999999998,7.135409263138563e-109
0,roughness,walking,sitting,PPT_003,0.7046130407053995,0.0023059208935591997
0,roughness,walking,hand,PPT_003,0.7166343624609638,0.0017865289903250057
0,roughness,sitting,walking,PPT_003,0.7046130407053995,0.0023059208935591997
0,roughness,sitting,sitting,PPT_003,1.0,0.0
0,roughness,sitting,hand,PPT_003,0.7605525211053646,0.0006250344931194184
0,roughness,hand,walking,PPT_003,0.7166343624609638,0.0017865289903250057
0,roughness,hand,sitting,PPT_003,0.7605525211053645,0.0006250344931194195
0,roughness,hand,hand,PPT_003,1.0,0.0
0,roughness,walking,walking,PPT_004,1.0,0.0
0,roughness,walking,sitting,PPT_004,0.6797024122347723,0.003772717193764302
0,roughness,walking,hand,PPT_004,0.637033868735453,0.007955002887974736
0,roughness,sitting,walking,PPT_004,0.6797024122347723,0.003772717193764302
0,roughness,sitting,sitting,PPT_004,1.0,0.0
0,roughness,sitting,hand,PPT_004,0.9032496307237814,1.6421382533245566e-06
0,roughness,hand,walking,PPT_004,0.637033868735453,0.007955002887974736
0,roughness,hand,sitting,PPT_004,0.9032496307237814,1.6421382533245566e-06
0,roughness,hand,hand,PPT_004,1.0,0.0
0,roughness,walking,walking,PPT_005,0.9999999999999998,7.135409263138563e-109
0,roughness,walking,sitting,PPT_005,0.6681444998997285,0.004669845537899388
0,roughness,walking,hand,PPT_005,0.5985191753300453,0.01430804510532453
0,roughness,sitting,walking,PPT_005,0.6681444998997285,0.004669845537899388
0,roughness,sitting,sitting,PPT_005,1.0,0.0
0,roughness,sitting,hand,PPT_005,0.5849392734032811,0.01730946808659022
0,roughness,hand,walking,PPT_005,0.5985191753300453,0.01430804510532453
0,roughness,hand,sitting,PPT_005,0.5849392734032811,0.01730946808659022
0,roughness,hand,hand,PPT_005,1.0,0.0
0,roughness,walking,walking,PPT_006,1.0,0.0
0,roughness,walking,sitting,PPT_006,0.6528189910979229,0.006114828711171635
0,roughness,walking,hand,PPT_006,0.6738195170905763,0.0042101582251476526
0,roughness,sitting,walking,PPT_006,0.6528189910979229,0.006114828711171635
0,roughness,sitting,sitting,PPT_006,1.0,0.0
0,roughness,sitting,hand,PPT_006,0.9474893538891639,2.5678202917160802e-08
0,roughness,hand,walking,PPT_006,0.6738195170905763,0.0042101582251476526
0,roughness,hand,sitting,PPT_006,0.947489353889164,2.567820291716038e-08
0,roughness,hand,hand,PPT_006,1.0,0.0
0,roughness,walking,walking,PPT_007,1.0,0.0
0,roughness,walking,sitting,PPT_007,0.9374745131364608,8.48292475617115e-08
0,roughness,walking,hand,PPT_007,0.9613361342917297,3.1264407863562895e-09
0,roughness,sitting,walking,PPT_007,0.9374745131364607,8.482924756171241e-08
0,roughness,sitting,sitting,PPT_007,0.9999999999999998,7.135409263138563e-109
0,roughness,sitting,hand,PPT_007,0.94900247649897,2.1010593023060973e-08
0,roughness,hand,walking,PPT_007,0.9613361342917297,3.1264407863562895e-09
0,roughness,hand,sitting,PPT_007,0.9490024764989698,2.1010593023061353e-08
0,roughness,hand,hand,PPT_007,1.0,0.0
0,roughness,walking,walking,PPT_008,1.0,0.0
0,roughness,walking,sitting,PPT_008,0.5136532764132695,0.04183495518721701
0,roughness,walking,hand,PPT_008,0.332598366952656,0.20814343109037678
0,roughness,sitting,walking,PPT_008,0.5136532764132695,0.04183495518721701
0,roughness,sitting,sitting,PPT_008,1.0,0.0
0,roughness,sitting,hand,PPT_008,0.5141249799331986,0.04161521925106729
0,roughness,hand,walking,PPT_008,0.332598366952656,0.20814343109037678
0,roughness,hand,sitting,PPT_008,0.5141249799331985,0.04161521925106733
0,roughness,hand,hand,PPT_008,1.0,0.0
0,roughness,walking,walking,PPT_009,0.9999999999999998,7.135409263138563e-109
0,roughness,walking,sitting,PPT_009,0.8552446553077829,2.4142256201609844e-05
0,roughness,walking,hand,PPT_009,0.4059263713872089,0.11874785539382064
0,roughness,sitting,walking,PPT_009,0.855244655307783,2.414225620160972e-05
0,roughness,sitting,sitting,PPT_009,1.0,0.0
0,roughness,sitting,hand,PPT_009,0.1227816024555825,0.6505429465705992
0,roughness,hand,walking,PPT_009,0.4059263713872089,0.11874785539382064
0,roughness,hand,sitting,PPT_009,0.1227816024555825,0.6505429465705992
0,roughness,hand,hand,PPT_009,1.0,0.0
0,roughness,walking,walking,PPT_010,1.0,0.0
0,roughness,walking,sitting,PPT_010,0.8193986539116772,0.00010272607420297403
0,roughness,walking,hand,PPT_010,0.7808320950965825,0.0003567023326075978
0,roughness,sitting,walking,PPT_010,0.8193986539116772,0.00010272607420297403
0,roughness,sitting,sitting,PPT_010,1.0,0.0
0,roughness,sitting,hand,PPT_010,0.9363498619677251,9.581335598644054e-08
0,roughness,hand,walking,PPT_010,0.7808320950965825,0.0003567023326075978
0,roughness,hand,sitting,PPT_010,0.936349861967725,9.581335598644175e-08
0,roughness,hand,hand,PPT_010,1.0,0.0
0,roughness,walking,walking,PPT_011,1.0,0.0
0,roughness,walking,sitting,PPT_011,0.6759171382143738,0.004049746898533464
0,roughness,walking,hand,PPT_011,0.46857600057829235,0.06714322920026133
0,roughness,sitting,walking,PPT_011,0.6759171382143738,0.004049746898533464
0,roughness,sitting,sitting,PPT_011,1.0,0.0
0,roughness,sitting,hand,PPT_011,0.6812778603268945,0.003662006759735917
0,roughness,hand,walking,PPT_011,0.4685760005782924,0.06714322920026133
0,roughness,hand,sitting,PPT_011,0.6812778603268945,0.003662006759735917
0,roughness,hand,hand,PPT_011,1.0,0.0
0,roughness,walking,walking,PPT_012,0.9999999999999998,7.135409263138563e-109
0,roughness,walking,sitting,PPT_012,0.7052595727395787,0.002275188907650522
0,roughness,sitting,walking,PPT_012,0.7052595727395787,0.002275188907650522
0,roughness,sitting,sitting,PPT_012,1.0,0.0
0,roughness,walking,walking,PPT_013,0.9999999999999998,7.135409263138563e-109
0,roughness,walking,sitting,PPT_013,0.7899885825187968,0.0002716311720186554
0,roughness,walking,hand,PPT_013,0.6451417868298239,0.006961819046261032
0,roughness,sitting,walking,PPT_013,0.7899885825187968,0.0002716311720186554
0,roughness,sitting,sitting,PPT_013,1.0,0.0
0,roughness,sitting,hand,PPT_013,0.886095846411746,4.911357127523893e-06
0,roughness,hand,walking,PPT_013,0.6451417868298239,0.006961819046261032
0,roughness,hand,sitting,PPT_013,0.886095846411746,4.911357127523893e-06
0,roughness,hand,hand,PPT_013,0.9999999999999998,7.135409263138563e-109
0,roughness,walking,walking,PPT_014,1.0,0.0
0,roughness,walking,sitting,PPT_014,0.6671604932872386,0.004753491298810188
0,roughness,walking,hand,PPT_014,0.633807170463606,0.008380175814101162
0,roughness,sitting,walking,PPT_014,0.6671604932872385,0.00475349129881021
0,roughness,sitting,sitting,PPT_014,1.0,0.0
0,roughness,sitting,hand,PPT_014,0.8797349212950635,7.059816197545978e-06
0,roughness,hand,walking,PPT_014,0.633807170463606,0.008380175814101162
0,roughness,hand,sitting,PPT_014,0.8797349212950636,7.059816197545939e-06
0,roughness,hand,hand,PPT_014,1.0,0.0
0,roughness,walking,walking,PPT_015,0.9999999999999998,7.135409263138563e-109
0,roughness,walking,sitting,PPT_015,0.6931077183651339,0.002911523349647528
0,roughness,walking,hand,PPT_015,0.8037045856845286,0.00017606040772691377
0,roughness,sitting,walking,PPT_015,0.693107718365134,0.0029115233496475167
0,roughness,sitting,sitting,PPT_015,1.0,0.0
0,roughness,sitting,hand,PPT_015,0.7609504695332128,0.0006185127003252962
0,roughness,hand,walking,PPT_015,0.8037045856845285,0.00017606040772691442
0,roughness,hand,sitting,PPT_015,0.7609504695332129,0.0006185127003252926
0,roughness,hand,hand,PPT_015,1.0,0.0
0,roughness,walking,walking,PPT_016,0.9999999999999998,7.135409263138563e-109
0,roughness,walking,sitting,PPT_016,0.756190962330027,0.0007002954074601009
0,roughness,walking,hand,PPT_016,0.7004540947163367,0.0025117493409963537
0,roughness,sitting,walking,PPT_016,0.7561909623300269,0.0007002954074601034
0,roughness,sitting,sitting,PPT_016,1.0,0.0
0,roughness,sitting,hand,PPT_016,0.8730593033943799,1.0116182664726106e-05
0,roughness,hand,walking,PPT_016,0.7004540947163367,0.0025117493409963537
0,roughness,hand,sitting,PPT_016,0.8730593033943799,1.0116182664726106e-05
0,roughness,hand,hand,PPT_016,1.0,0.0
0,roughness,walking,walking,PPT_017,1.0,0.0
0,roughness,walking,sitting,PPT_017,0.3294031845039502,0.2128140576843898
0,roughness,walking,hand,PPT_017,0.7361829559719154,0.0011473387578239042
0,roughness,sitting,walking,PPT_017,0.3294031845039502,0.2128140576843898
0,roughness,sitting,sitting,PPT_017,1.0,0.0
0,roughness,sitting,hand,PPT_017,0.3488200589970501,0.18545307156382754
0,roughness,hand,walking,PPT_017,0.7361829559719154,0.0011473387578239042
0,roughness,hand,sitting,PPT_017,0.3488200589970501,0.18545307156382754
0,roughness,hand,hand,PPT_017,1.0,0.0
0,roughness,walking,walking,PPT_018,0.9999999999999998,7.135409263138563e-109
0,roughness,walking,sitting,PPT_018,0.693759946605742,0.002874076853636418
0,roughness,walking,hand,PPT_018,0.6466673763157543,0.006786492300094046
0,roughness,sitting,walking,PPT_018,0.693759946605742,0.002874076853636418
0,roughness,sitting,sitting,PPT_018,1.0,0.0
0,roughness,sitting,hand,PPT_018,0.8783738628948976,7.609821994050194e-06
0,roughness,hand,walking,PPT_018,0.6466673763157543,0.006786492300094046
0,roughness,hand,sitting,PPT_018,0.8783738628948975,7.60982199405025e-06
0,roughness,hand,hand,PPT_018,1.0,0.0
0,roughness,walking,walking,PPT_019,0.9999999999999998,7.135409263138563e-109
0,roughness,walking,sitting,PPT_019,0.8084688214702856,0.00015026320013990417
0,roughness,walking,hand,PPT_019,0.7519096219062409,0.00078125673350307
0,roughness,sitting,walking,PPT_019,0.8084688214702856,0.00015026320013990417
0,roughness,sitting,sitting,PPT_019,0.9999999999999998,7.135409263138563e-109
0,roughness,sitting,hand,PPT_019,0.81397204115922,0.00012445362605643714
0,roughness,hand,walking,PPT_019,0.7519096219062409,0.00078125673350307
0,roughness,hand,sitting,PPT_019,0.8139720411592198,0.00012445362605643785
0,roughness,hand,hand,PPT_019,1.0,0.0
0,roughness,walking,walking,PPT_020,1.0,0.0
0,roughness,walking,sitting,PPT_020,0.6197321022625227,0.01044989493170378
0,roughness,walking,hand,PPT_020,0.8987496698690052,2.229844442311041e-06
0,roughness,sitting,walking,PPT_020,0.6197321022625226,0.010449894931703795
0,roughness,sitting,sitting,PPT_020,1.0,0.0
0,roughness,sitting,hand,PPT_020,0.667413670170547,0.004731856149634075
0,roughness,hand,walking,PPT_020,0.8987496698690051,2.229844442311061e-06
0,roughness,hand,sitting,PPT_020,0.6674136701705469,0.004731856149634088
0,roughness,hand,hand,PPT_020,1.0,0.0
0,hardness,walking,walking,PPT_001,1.0,0.0
0,hardness,walking,sitting,PPT_001,0.9300441826215022,1.8247812874826342e-07
0,hardness,walking,hand,PPT_001,0.8565123731611536,2.2780867767961907e-05
0,hardness,sitting,walking,PPT_001,0.9300441826215022,1.8247812874826342e-07
0,hardness,sitting,sitting,PPT_001,1.0,0.0
0,hardness,sitting,hand,PPT_001,0.958057654515311,5.478771743492803e-09
0,hardness,hand,walking,PPT_001,0.8565123731611536,2.2780867767961907e-05
0,hardness,hand,sitting,PPT_001,0.9580576545153109,5.4787717434929e-09
0,hardness,hand,hand,PPT_001,1.0,0.0
0,hardness,walking,walking,PPT_002,1.0,0.0
0,hardness,walking,sitting,PPT_002,0.9069512976505418,1.2624096465884573e-06
0,hardness,walking,hand,PPT_002,0.8971154612694999,2.4831777638640707e-06
0,hardness,sitting,walking,PPT_002,0.9069512976505417,1.2624096465884643e-06
0,hardness,sitting,sitting,PPT_002,1.0,0.0
0,hardness,sitting,hand,PPT_002,0.9594717625240813,4.325711141011272e-09
0,hardness,hand,walking,PPT_002,0.8971154612694998,2.4831777638640936e-06
0,hardness,hand,sitting,PPT_002,0.9594717625240813,4.325711141011272e-09
0,hardness,hand,hand,PPT_002,1.0,0.0
0,hardness,walking,walking,PPT_003,0.9999999999999998,7.135409263138563e-109
0,hardness,walking,sitting,PPT_003,0.9220400167688289,3.8119063504864406e-07
0,hardness,walking,hand,PPT_003,0.8402906499209994,4.6078366378913226e-05
0,hardness,sitting,walking,PPT_003,0.9220400167688286,3.8119063504865015e-07
0,hardness,sitting,sitting,PPT_003,1.0,0.0
0,hardness,sitting,hand,PPT_003,0.8623855655859435,1.7282672080223154e-05
0,hardness,hand,walking,PPT_003,0.8402906499209996,4.607836637891305e-05
0,hardness,hand,sitting,PPT_003,0.8623855655859436,1.7282672080223063e-05
0,hardness,hand,hand,PPT_003,1.0,0.0
0,hardness,walking,walking,PPT_004,1.0,0.0
0,hardness,walking,sitting,PPT_004,0.79071502678465,0.0002656740089092326
0,hardness,walking,hand,PPT_004,0.7461370673414173,0.0009024256374382668
0,hardness,sitting,walking,PPT_004,0.79071502678465,0.0002656740089092326
0,hardness,sitting,sitting,PPT_004,1.0,0.0
0,hardness,sitting,hand,PPT_004,0.814433872946565,0.00012246712055938864
0,hardness,hand,walking,PPT_004,0.7461370673414173,0.0009024256374382668
0,hardness,hand,sitting,PPT_004,0.814433872946565,0.00012246712055938864
0,hardness,hand,hand,PPT_004,1.0,0.0
0,hardness,walking,walking,PPT_005,1.0,0.0
0,hardness,walking,sitting,PPT_005,0.8430363379698411,4.112631275153966e-05
0,hardness,walking,hand,PPT_005,0.919794215164469,4.622062351214612e-07
0,hardness,sitting,walking,PPT_005,0.8430363379698411,4.112631275153966e-05
0,hardness,sitting,sitting,PPT_005,1.0,0.0
0,hardness,sitting,hand,PPT_005,0.7864515156482201,0.0003022398071489762
0,hardness,hand,walking,PPT_005,0.919794215164469,4.622062351214612e-07
0,hardness,hand,sitting,PPT_005,0.7864515156482201,0.0003022398071489762
0,hardness,hand,hand,PPT_005,1.0,0.0
0,hardness,walking,walking,PPT_006,1.0,0.0
0,hardness,walking,sitting,PPT_006,0.7295506770892857,0.001338806241641955
0,hardness,walking,hand,PPT_006,0.8042844815459202,0.00017273665001330617
0,hardness,sitting,walking,PPT_006,0.7295506770892857,0.001338806241641955
0,hardness,sitting,sitting,PPT_006,1.0,0.0
0,hardness,sitting,hand,PPT_006,0.9129173666661317,8.068727657486254e-07
0,hardness,hand,walking,PPT_006,0.8042844815459201,0.0001727366500133068
0,hardness,hand,sitting,PPT_006,0.9129173666661315,8.068727657486313e-07
0,hardness,hand,hand,PPT_006,0.9999999999999998,7.135409263138563e-109
0,hardness,walking,walking,PPT_007,1.0,0.0
0,hardness,walking,sitting,PPT_007,0.6954932100319029,0.0027764516540208337
0,hardness,walking,hand,PPT_007,0.8588343358736146,2.0454047897892213e-05
0,hardness,sitting,walking,PPT_007,0.695493210031903,0.0027764516540208254
0,hardness,sitting,sitting,PPT_007,1.0,0.0
0,hardness,sitting,hand,PPT_007,0.8997050147492623,2.0921310212857246e-06
0,hardness,hand,walking,PPT_007,0.8588343358736145,2.0454047897892288e-05
0,hardness,hand,sitting,PPT_007,0.8997050147492623,2.0921310212857246e-06
0,hardness,hand,hand,PPT_007,1.0,0.0
0,hardness,walking,walking,PPT_008,1.0,0.0
0,hardness,walking,sitting,PPT_008,0.9181425915880158,5.30708165494539e-07
0,hardness,walking,hand,PPT_008,0.8480835183343118,3.3181196079357144e-05
0,hardness,sitting,walking,PPT_008,0.9181425915880158,5.30708165494539e-07
0,hardness,sitting,sitting,PPT_008,1.0,0.0
0,hardness,sitting,hand,PPT_008,0.8596750369276218,1.96623674931392e-05
0,hardness,hand,walking,PPT_008,0.8480835183343118,3.3181196079357144e-05
0,hardness,hand,sitting,PPT_008,0.8596750369276218,1.96623674931392e-05
0,hardness,hand,hand,PPT_008,1.0,0.0
0,hardness,walking,walking,PPT_009,1.0,0.0
0,hardness,walking,sitting,PPT_009,0.9116678411609022,8.884637468243487e-07
0,hardness,walking,hand,PPT_009,0.8908806265415983,3.685082325136512e-06
0,hardness,sitting,walking,PPT_009,0.9116678411609022,8.884637468243487e-07
0,hardness,sitting,sitting,PPT_009,1.0,0.0
0,hardness,sitting,hand,PPT_009,0.9534711964549482,1.1190361760377487e-08
0,hardness,hand,walking,PPT_009,0.8908806265415983,3.685082325136512e-06
0,hardness,hand,sitting,PPT_009,0.9534711964549482,1.1190361760377487e-08
0,hardness,hand,hand,PPT_009,1.0,0.0
0,hardness,walking,walking,PPT_010,1.0,0.0
0,hardness,walking,sitting,PPT_010,0.9542097488921714,1.0024436813579266e-08
0,hardness,walking,hand,PPT_010,0.940829431775352,5.81844136706123e-08
0,hardness,sitting,walking,PPT_010,0.9542097488921714,1.0024436813579266e-08
0,hardness,sitting,sitting,PPT_010,1.0,0.0
0,hardness,sitting,hand,PPT_010,0.9748531376414417,1.5955481081820276e-10
0,hardness,hand,walking,PPT_010,0.940829431775352,5.81844136706123e-08
0,hardness,hand,sitting,PPT_010,0.9748531376414417,1.5955481081820276e-10
0,hardness,hand,hand,PPT_010,1.0,0.0
0,hardness,walking,walking,PPT_011,1.0,0.0
0,hardness,walking,sitting,PPT_011,0.8004592004199873,0.0001956574795640153
0,hardness,walking,hand,PPT_011,0.6838171035011922,0.003489082254255169
0,hardness,sitting,walking,PPT_011,0.8004592004199873,0.0001956574795640153
0,hardness,sitting,sitting,PPT_011,1.0,0.0
0,hardness,sitting,hand,PPT_011,0.7143446900947746,0.0018773045274783151
0,hardness,hand,walking,PPT_011,0.6838171035011922,0.003489082254255169
0,hardness,hand,sitting,PPT_011,0.7143446900947746,0.0018773045274783151
0,hardness,hand,hand,PPT_011,1.0,0.0
0,hardness,walking,walking,PPT_012,1.0,0.0
0,hardness,walking,sitting,PPT_012,0.8900799501852885,3.870062049411726e-06
0,hardness,sitting,walking,PPT_012,0.8900799501852885,3.870062049411726e-06
0,hardness,sitting,sitting,PPT_012,1.0,0.0
0,hardness,walking,walking,PPT_013,1.0,0.0
0,hardness,walking,sitting,PPT_013,0.7329913736956764,0.0012364682074867599
0,hardness,walking,hand,PPT_013,0.7822230806293662,0.0003425206166377485
0,hardness,sitting,walking,PPT_013,0.7329913736956764,0.0012364682074867599
0,hardness,sitting,sitting,PPT_013,1.0,0.0
0,hardness,sitting,hand,PPT_013,0.9172831277135289,5.696332474081497e-07
0,hardness,hand,walking,PPT_013,0.7822230806293662,0.0003425206166377485
0,hardness,hand,sitting,PPT_013,0.9172831277135289,5.696332474081497e-07
0,hardness,hand,hand,PPT_013,0.9999999999999998,7.135409263138563e-109
0,hardness,walking,walking,PPT_014,0.9999999999999998,7.135409263138563e-109
0,hardness,walking,sitting,PPT_014,0.8439349112426033,3.960581012373164e-05
0,hardness,walking,hand,PPT_014,0.8124556784258681,0.00013116556282503943
0,hardness,sitting,walking,PPT_014,0.8439349112426033,3.960581012373164e-05
0,hardness,sitting,sitting,PPT_014,0.9999999999999998,7.135409263138563e-109
0,hardness,sitting,hand,PPT_014,0.9103061798421221,9.85225628816634e-07
0,hardness,hand,walking,PPT_014,0.8124556784258681,0.00013116556282503943
0,hardness,hand,sitting,PPT_014,0.9103061798421224,9.852256288166161e-07
0,hardness,hand,hand,PPT_014,1.0,0.0
0,hardness,walking,walking,PPT_015,1.0,0.0
0,hardness,walking,sitting,PPT_015,0.8867507980630405,4.72555527739907e-06
0,hardness,walking,hand,PPT_015,0.8529215349381679,2.6814329454443572e-05
0,hardness,sitting,walking,PPT_015,0.8867507980630405,4.72555527739907e-06
0,hardness,sitting,sitting,PPT_015,0.9999999999999998,7.135409263138563e-109
0,hardness,sitting,hand,PPT_015,0.9098975952842734,1.0159434167143497e-06
0,hardness,hand,walking,PPT_015,0.8529215349381678,2.6814329454443667e-05
0,hardness,hand,sitting,PPT_015,0.9098975952842735,1.0159434167143406e-06
0,hardness,hand,hand,PPT_015,1.0,0.0
0,hardness,walking,walking,PPT_016,1.0,0.0
0,hardness,walking,sitting,PPT_016,0.8032579534142327,0.00017865638624718765
0,hardness,walking,hand,PPT_016,0.713020872091455,0.0019314744649128537
0,hardness,sitting,walking,PPT_016,0.8032579534142327,0.00017865638624718765
0,hardness,sitting,sitting,PPT_016,1.0,0.0
0,hardness,sitting,hand,PPT_016,0.9196165191740411,4.691959904550549e-07
0,hardness,hand,walking,PPT_016,0.713020872091455,0.0019314744649128537
0,hardness,hand,sitting,PPT_016,0.9196165191740411,4.691959904550549e-07
0,hardness,hand,hand,PPT_016,1.0,0.0
0,hardness,walking,walking,PPT_017,1.0,0.0
0,hardness,walking,sitting,PPT_017,0.8065556563530542,0.00016021621296737122
0,hardness,walking,hand,PPT_017,0.7657077211403309,0.0005447845098205468
0,hardness,sitting,walking,PPT_017,0.8065556563530542,0.00016021621296737122
0,hardness,sitting,sitting,PPT_017,1.0,0.0
0,hardness,sitting,hand,PPT_017,0.7914059356507395,0.0002601090040731579
0,hardness,hand,walking,PPT_017,0.7657077211403309,0.0005447845098205468
0,hardness,hand,sitting,PPT_017,0.7914059356507395,0.0002601090040731579
0,hardness,hand,hand,PPT_017,1.0,0.0
0,hardness,walking,walking,PPT_018,0.9999999999999998,7.135409263138563e-109
0,hardness,walking,sitting,PPT_018,0.898984691781087,2.1952754667721765e-06
0,hardness,walking,hand,PPT_018,0.7825869520680292,0.0003388886981877102
0,hardness,sitting,walking,PPT_018,0.898984691781087,2.1952754667721765e-06
0,hardness,sitting,sitting,PPT_018,1.0,0.0
0,hardness,sitting,hand,PPT_018,0.7620122205556769,0.0006013854391438636
0,hardness,hand,walking,PPT_018,0.7825869520680292,0.0003388886981877102
0,hardness,hand,sitting,PPT_018,0.7620122205556769,0.0006013854391438636
0,hardness,hand,hand,PPT_018,1.0,0.0
0,hardness,walking,walking,PPT_019,1.0,0.0
0,hardness,walking,sitting,PPT_019,0.6127723184942339,0.011612060765548124
0,hardness,walking,hand,PPT_019,0.6581689645762184,0.005574790187863289
0,hardness,sitting,walking,PPT_019,0.6127723184942339,0.011612060765548124
0,hardness,sitting,sitting,PPT_019,0.9999999999999998,7.135409263138563e-109
0,hardness,sitting,hand,PPT_019,0.8471925976360958,3.448157473374485e-05
0,hardness,hand,walking,PPT_019,0.6581689645762184,0.005574790187863289
0,hardness,hand,sitting,PPT_019,0.8471925976360958,3.448157473374485e-05
0,hardness,hand,hand,PPT_019,1.0,0.0
0,hardness,walking,walking,PPT_020,1.0,0.0
0,hardness,walking,sitting,PPT_020,0.7896698321202593,0.0002742797376812922
0,hardness,walking,hand,PPT_020,0.6509241046075408,0.006315803689220994
0,hardness,sitting,walking,PPT_020,0.7896698321202593,0.0002742797376812922
0,hardness,sitting,sitting,PPT_020,0.9999999999999998,7.135409263138563e-109
0,hardness,sitting,hand,PPT_020,0.772189349112426,0.0004561131216251048
0,hardness,hand,walking,PPT_020,0.6509241046075408,0.006315803689220994
0,hardness,hand,sitting,PPT_020,0.772189349112426,0.0004561131216251048
0,hardness,hand,hand,PPT_020,0.9999999999999998,7.135409263138563e-109
0,slipperiness,walking,walking,PPT_001,1.0,0.0
0,slipperiness,walking,sitting,PPT_001,0.7584691583498752,0.0006601075100035412
0,slipperiness,walking,hand,PPT_001,0.7511053801134686,0.0007972890984077305
0,slipperiness,sitting,walking,PPT_001,0.7584691583498753,0.0006601075100035389
0,slipperiness,sitting,sitting,PPT_001,1.0,0.0
0,slipperiness,sitting,hand,PPT_001,0.6705882352941177,0.004467208697738123
0,slipperiness,hand,walking,PPT_001,0.7511053801134686,0.0007972890984077305
0,slipperiness,hand,sitting,PPT_001,0.6705882352941177,0.004467208697738123
0,slipperiness,hand,hand,PPT_001,1.0,0.0
0,slipperiness,walking,walking,PPT_002,1.0,0.0
0,slipperiness,walking,sitting,PPT_002,0.8374004324826206,5.182019943609458e-05
0,slipperiness,walking,hand,PPT_002,0.8666666666666667,1.4018256628817096e-05
0,slipperiness,sitting,walking,PPT_002,0.8374004324826206,5.182019943609458e-05
0,slipperiness,sitting,sitting,PPT_002,1.0,0.0
0,slipperiness,sitting,hand,PPT_002,0.9150059447603568,6.846523621442427e-07
0,slipperiness,hand,walking,PPT_002,0.8666666666666667,1.4018256628817096e-05
0,slipperiness,hand,sitting,PPT_002,0.9150059447603568,6.846523621442427e-07
0,slipperiness,hand,hand,PPT_002,1.0,0.0
0,slipperiness,walking,walking,PPT_003,1.0,0.0
0,slipperiness,walking,sitting,PPT_003,0.3288422373695163,0.21364090694077834
0,slipperiness,walking,hand,PPT_003,0.39795896920791046,0.12686542055911168
0,slipperiness,sitting,walking,PPT_003,0.3288422373695163,0.21364090694077834
0,slipperiness,sitting,sitting,PPT_003,1.0,0.0
0,slipperiness,sitting,hand,PPT_003,0.6805356695376595,0.003713831838767288
0,slipperiness,hand,walking,PPT_003,0.39795896920791046,0.12686542055911168
0,slipperiness,hand,sitting,PPT_003,0.6805356695376595,0.003713831838767288
0,slipperiness,hand,hand,PPT_003,1.0,0.0
0,slipperiness,walking,walking,PPT_004,0.9999999999999998,7.135409263138563e-109
0,slipperiness,walking,sitting,PPT_004,0.7612714570046256,0.0006132930456016903
0,slipperiness,walking,hand,PPT_004,0.7599712869703874,0.0006346615767604023
0,slipperiness,sitting,walking,PPT_004,0.7612714570046256,0.0006132930456016903
0,slipperiness,sitting,sitting,PPT_004,1.0,0.0
0,slipperiness,sitting,hand,PPT_004,0.9313655672895778,1.602462218171795e-07
0,slipperiness,hand,walking,PPT_004,0.7599712869703874,0.0006346615767604023
0,slipperiness,hand,sitting,PPT_004,0.9313655672895778,1.602462218171795e-07
0,slipperiness,hand,hand,PPT_004,1.0,0.0
0,slipperiness,walking,walking,PPT_005,1.0,0.0
0,slipperiness,walking,sitting,PPT_005,0.6514371702494227,0.0062608749073987235
0,slipperiness,walking,hand,PPT_005,0.8249666722745985,8.381289088072668e-05
0,slipperiness,sitting,walking,PPT_005,0.6514371702494227,0.0062608749073987235
0,slipperiness,sitting,sitting,PPT_005,1.0,0.0
0,slipperiness,sitting,hand,PPT_005,0.790098024999048,0.00027072668775304955
0,slipperiness,hand,walking,PPT_005,0.8249666722745985,8.381289088072668e-05
0,slipperiness,hand,sitting,PPT_005,0.790098024999048,0.00027072668775304955
0,slipperiness,hand,hand,PPT_005,1.0,0.0
0,slipperiness,walking,walking,PPT_006,1.0,0.0
0,slipperiness,walking,sitting,PPT_006,0.6078286558345642,0.012497516109178316
0,slipperiness,walking,hand,PPT_006,0.655096011816839,0.005880104547273496
0,slipperiness,sitting,walking,PPT_006,0.6078286558345642,0.012497516109178316
0,slipperiness,sitting,sitting,PPT_006,1.0,0.0
0,slipperiness,sitting,hand,PPT_006,0.9217134416543575,3.9216255713017414e-07
0,slipperiness,hand,walking,PPT_006,0.655096011816839,0.005880104547273496
0,slipperiness,hand,sitting,PPT_006,0.9217134416543575,3.9216255713017414e-07
0,slipperiness,hand,hand,PPT_006,1.0,0.0
0,slipperiness,walking,walking,PPT_007,1.0,0.0
0,slipperiness,walking,sitting,PPT_007,0.8953231865922485,2.788551325209309e-06
0,slipperiness,walking,hand,PPT_007,0.8207443434673023,9.785803369324573e-05
0,slipperiness,sitting,walking,PPT_007,0.8953231865922485,2.788551325209309e-06
0,slipperiness,sitting,sitting,PPT_007,1.0,0.0
0,slipperiness,sitting,hand,PPT_007,0.8171744795722177,0.0001112136373627342
0,slipperiness,hand,walking,PPT_007,0.8207443434673023,9.785803369324573e-05
0,slipperiness,hand,sitting,PPT_007,0.8171744795722176,0.00011121363736273484
0,slipperiness,hand,hand,PPT_007,1.0,0.0
0,slipperiness,walking,walking,PPT_008,0.9999999999999998,7.135409263138563e-109
0,slipperiness,walking,sitting,PPT_008,0.5878883813687351,0.016619461496874013
0,slipperiness,walking,hand,PPT_008,0.5435751867932023,0.029530387954885107
0,slipperiness,sitting,walking,PPT_008,0.5878883813687351,0.016619461496874013
0,slipperiness,sitting,sitting,PPT_008,1.0,0.0
0,slipperiness,sitting,hand,PPT_008,0.8716814159292035,1.0868813756130895e-05
0,slipperiness,hand,walking,PPT_008,0.5435751867932023,0.029530387954885107
0,slipperiness,hand,sitting,PPT_008,0.8716814159292035,1.0868813756130895e-05
0,slipperiness,hand,hand,PPT_008,1.0,0.0
0,slipperiness,walking,walking,PPT_009,1.0,0.0
0,slipperiness,walking,sitting,PPT_009,0.89609456903088,2.653448355062437e-06
0,slipperiness,walking,hand,PPT_009,0.8997050147492623,2.0921310212857246e-06
0,slipperiness,sitting,walking,PPT_009,0.8960945690308801,2.653448355062423e-06
0,slipperiness,sitting,sitting,PPT_009,1.0,0.0
0,slipperiness,sitting,hand,PPT_009,0.9749449957465909,1.5555731006939858e-10
0,slipperiness,hand,walking,PPT_009,0.8997050147492623,2.0921310212857246e-06
0,slipperiness,hand,sitting,PPT_009,0.9749449957465908,1.5555731006940466e-10
0,slipperiness,hand,hand,PPT_009,1.0,0.0
0,slipperiness,walking,walking,PPT_010,0.9999999999999998,7.135409263138563e-109
0,slipperiness,walking,sitting,PPT_010,0.8899566577252835,3.899230342816614e-06
0,slipperiness,walking,hand,PPT_010,0.8431952662721893,4.0853887091142856e-05
0,slipperiness,sitting,walking,PPT_010,0.8899566577252835,3.899230342816614e-06
0,slipperiness,sitting,sitting,PPT_010,1.0,0.0
0,slipperiness,sitting,hand,PPT_010,0.8737084863809216,9.77708178248159e-06
0,slipperiness,hand,walking,PPT_010,0.8431952662721893,4.0853887091142856e-05
0,slipperiness,hand,sitting,PPT_010,0.8737084863809216,9.77708178248159e-06
0,slipperiness,hand,hand,PPT_010,0.9999999999999998,7.135409263138563e-109
0,slipperiness,walking,walking,PPT_011,1.0,0.0
0,slipperiness,walking,sitting,PPT_011,0.7052727217133422,0.002274567351474689
0,slipperiness,walking,hand,PPT_011,0.7749636027861002,0.0004219869014211033
0,slipperiness,sitting,walking,PPT_011,0.7052727217133422,0.002274567351474689
0,slipperiness,sitting,sitting,PPT_011,1.0,0.0
0,slipperiness,sitting,hand,PPT_011,0.8602289923575157,1.9154899285070716e-05
0,slipperiness,hand,walking,PPT_011,0.7749636027861002,0.0004219869014211033
0,slipperiness,hand,sitting,PPT_011,0.8602289923575157,1.9154899285070716e-05
0,slipperiness,hand,hand,PPT_011,1.0,0.0
0,slipperiness,walking,walking,PPT_012,1.0,0.0
0,slipperiness,walking,sitting,PPT_012,0.8954980616424969,2.7574248573279766e-06
0,slipperiness,sitting,walking,PPT_012,0.8954980616424969,2.7574248573279766e-06
0,slipperiness,sitting,sitting,PPT_012,1.0,0.0
0,slipperiness,walking,walking,PPT_013,1.0,0.0
0,slipperiness,walking,sitting,PPT_013,0.46553015014559673,0.06918377938637672
0,slipperiness,walking,hand,PPT_013,0.741839762611276,0.0010022814073071093
0,slipperiness,sitting,walking,PPT_013,0.46553015014559673,0.06918377938637672
0,slipperiness,sitting,sitting,PPT_013,1.0,0.0
0,slipperiness,sitting,hand,PPT_013,0.5663455966739425,0.022187023547120537
0,slipperiness,hand,walking,PPT_013,0.741839762611276,0.0010022814073071093
0,slipperiness,hand,sitting,PPT_013,0.5663455966739425,0.022187023547120537
0,slipperiness,hand,hand,PPT_013,1.0,0.0
0,slipperiness,walking,walking,PPT_014,1.0,0.0
0,slipperiness,walking,sitting,PPT_014,0.9363127364996506,9.619561822867417e-08
0,slipperiness,walking,hand,PPT_014,0.7817117647255396,0.0003476785261915039
0,slipperiness,sitting,walking,PPT_014,0.9363127364996507,9.619561822867298e-08
0,slipperiness,sitting,sitting,PPT_014,0.9999999999999998,7.135409263138563e-109
0,slipperiness,sitting,hand,PPT_014,0.8041622686387403,0.00017343276256356836
0,slipperiness,hand,walking,PPT_014,0.7817117647255396,0.0003476785261915039
0,slipperiness,hand,sitting,PPT_014,0.8041622686387402,0.0001734327625635687
0,slipperiness,hand,hand,PPT_014,1.0,0.0
0,slipperiness,walking,walking,PPT_015,1.0,0.0
0,slipperiness,walking,sitting,PPT_015,0.8296332713748906,7.02865813962139e-05
0,slipperiness,walking,hand,PPT_015,0.7538936359115948,0.0007428339765092108
0,slipperiness,sitting,walking,PPT_015,0.8296332713748906,7.02865813962139e-05
0,slipperiness,sitting,sitting,PPT_015,1.0,0.0
0,slipperiness,sitting,hand,PPT_015,0.5218035423740442,0.03815879803840646
0,slipperiness,hand,walking,PPT_015,0.7538936359115948,0.0007428339765092108
0,slipperiness,hand,sitting,PPT_015,0.5218035423740442,0.03815879803840646
0,slipperiness,hand,hand,PPT_015,0.9999999999999998,7.135409263138563e-109
0,slipperiness,walking,walking,PPT_016,1.0,0.0
0,slipperiness,walking,sitting,PPT_016,0.8571513986335041,2.2119419686965888e-05
0,slipperiness,walking,hand,PPT_016,0.850481358075487,2.9883659736925736e-05
0,slipperiness,sitting,walking,PPT_016,0.8571513986335041,2.2119419686965888e-05
0,slipperiness,sitting,sitting,PPT_016,1.0,0.0
0,slipperiness,sitting,hand,PPT_016,0.9301241211123568,1.8106258524854645e-07
0,slipperiness,hand,walking,PPT_016,0.8504813580754871,2.9883659736925567e-05
0,slipperiness,hand,sitting,PPT_016,0.9301241211123568,1.8106258524854645e-07
0,slipperiness,hand,hand,PPT_016,0.9999999999999998,7.135409263138563e-109
0,slipperiness,walking,walking,PPT_017,1.0,0.0
0,slipperiness,walking,sitting,PPT_017,0.5432196792606414,0.029658090937519383
0,slipperiness,walking,hand,PPT_017,0.5489710920396577,0.027643121505898073
0,slipperiness,sitting,walking,PPT_017,0.5432196792606414,0.029658090937519383
0,slipperiness,sitting,sitting,PPT_017,1.0,0.0
0,slipperiness,sitting,hand,PPT_017,0.6992661656258649,0.0025731923285294517
0,slipperiness,hand,walking,PPT_017,0.5489710920396577,0.027643121505898073
0,slipperiness,hand,sitting,PPT_017,0.6992661656258649,0.0025731923285294517
0,slipperiness,hand,hand,PPT_017,1.0,0.0
0,slipperiness,walking,walking,PPT_018,1.0,0.0
0,slipperiness,walking,sitting,PPT_018,0.6802670623145401,0.003732732671007319
0,slipperiness,walking,hand,PPT_018,0.752418228540921,0.0007712550181018657
0,slipperiness,sitting,walking,PPT_018,0.6802670623145401,0.003732732671007319
0,slipperiness,sitting,sitting,PPT_018,1.0,0.0
0,slipperiness,sitting,hand,PPT_018,0.732343829162853,0.001255223688058504
0,slipperiness,hand,walking,PPT_018,0.752418228540921,0.0007712550181018657
0,slipperiness,hand,sitting,PPT_018,0.732343829162853,0.001255223688058504
0,slipperiness,hand,hand,PPT_018,0.9999999999999998,7.135409263138563e-109
0,slipperiness,walking,walking,PPT_019,1.0,0.0
0,slipperiness,walking,sitting,PPT_019,0.5040832866468796,0.04648363518216833
0,slipperiness,walking,hand,PPT_019,0.4390792365685117,0.08884346776816136
0,slipperiness,sitting,walking,PPT_019,0.5040832866468795,0.04648363518216835
0,slipperiness,sitting,sitting,PPT_019,1.0,0.0
0,slipperiness,sitting,hand,PPT_019,0.8074351674065531,0.0001555747671212897
0,slipperiness,hand,walking,PPT_019,0.4390792365685117,0.08884346776816136
0,slipperiness,hand,sitting,PPT_019,0.8074351674065531,0.0001555747671212897
0,slipperiness,hand,hand,PPT_019,1.0,0.0
0,slipperiness,walking,walking,PPT_020,1.0,0.0
0,slipperiness,walking,sitting,PPT_020,0.776620662495457,0.0004026283647688313
0,slipperiness,walking,hand,PPT_020,0.8365590018902141,5.35999584026438e-05
0,slipperiness,sitting,walking,PPT_020,0.776620662495457,0.0004026283647688313
0,slipperiness,sitting,sitting,PPT_020,1.0,0.0
0,slipperiness,sitting,hand,PPT_020,0.8375380138269188,5.153394690075348e-05
0,slipperiness,hand,walking,PPT_020,0.8365590018902141,5.35999584026438e-05
0,slipperiness,hand,sitting,PPT_020,0.8375380138269188,5.153394690075348e-05
0,slipperiness,hand,hand,PPT_020,1.0,0.0
